,style1,style2,style3,style4,style5,sval1,sval2,sval3,sval4,sval5
0,27,112,20,93,136,0.5625323057174683,0.13328666985034943,0.06430436670780182,0.06364419311285019,0.0605575367808342
1,57,133,32,143,130,0.25899219512939453,0.18980905413627625,0.08500903844833374,0.055091388523578644,0.053983159363269806
2,184,4,171,21,52,0.6498057842254639,0.18596622347831726,0.03505077213048935,0.016999399289488792,0.014433187432587147
3,112,136,198,93,24,0.42756372690200806,0.3638353943824768,0.05272931978106499,0.025397932156920433,0.02522369660437107
4,136,112,11,24,93,0.3827940821647644,0.3607558608055115,0.14709977805614471,0.030300360172986984,0.016981957480311394
5,138,154,194,195,91,0.29030829668045044,0.22922153770923615,0.07976406812667847,0.055378176271915436,0.0456102229654789
6,133,21,130,0,31,0.09717584401369095,0.07757861167192459,0.06979066878557205,0.06714161485433578,0.06335268914699554
7,195,71,138,154,104,0.32358628511428833,0.3150976002216339,0.07375209778547287,0.04178870469331741,0.032436683773994446
8,64,70,109,136,97,0.407952219247818,0.21214699745178223,0.06049720197916031,0.04475602135062218,0.038372013717889786
9,184,171,130,4,52,0.5594049692153931,0.20971615612506866,0.04154480621218681,0.030613973736763,0.019877705723047256
10,120,57,25,184,31,0.2333289086818695,0.06868144869804382,0.05678457021713257,0.04943426325917244,0.0409880056977272
11,138,52,195,154,152,0.25692152976989746,0.24891729652881622,0.15451517701148987,0.14524392783641815,0.01655484363436699
12,154,13,130,184,171,0.09785058349370956,0.07932408899068832,0.06291890889406204,0.053600013256073,0.05208973214030266
13,184,171,52,199,31,0.2896612584590912,0.11901571601629257,0.11279870569705963,0.10256354510784149,0.05638822913169861
14,170,143,171,130,90,0.21561869978904724,0.07990141212940216,0.06386584043502808,0.053980957716703415,0.05175665766000748
15,184,4,171,52,21,0.6494911313056946,0.05422982573509216,0.050361424684524536,0.04249037429690361,0.03082570992410183
16,184,4,132,7,171,0.1772090494632721,0.0935433954000473,0.08591572940349579,0.07812438905239105,0.054458100348711014
17,184,7,145,174,171,0.16685864329338074,0.0991135686635971,0.07650353014469147,0.06342476606369019,0.060427285730838776
18,136,112,195,198,138,0.4609188437461853,0.3441123068332672,0.06767192482948303,0.019377809017896652,0.01756790652871132
19,130,195,113,136,57,0.1297266185283661,0.07671777158975601,0.07071015238761902,0.05594928190112114,0.054172057658433914
20,104,152,154,120,168,0.07740751653909683,0.058094196021556854,0.053884875029325485,0.049581706523895264,0.04697620868682861
21,170,171,184,90,21,0.2540655732154846,0.24580809473991394,0.12200833857059479,0.05990901589393616,0.025600615888834
22,70,64,195,154,109,0.1892021745443344,0.17011211812496185,0.07119728624820709,0.05344945937395096,0.052795957773923874
23,112,136,64,11,93,0.4365193843841553,0.1787687987089157,0.09405641257762909,0.05962340906262398,0.029914429411292076
24,171,184,130,199,170,0.5481036901473999,0.2214905321598053,0.04247857257723808,0.04114731773734093,0.04098319634795189
25,184,90,21,171,133,0.21408963203430176,0.13947999477386475,0.11692489683628082,0.08703110367059708,0.04558989778161049
26,115,41,133,143,57,0.18364675343036652,0.11752976477146149,0.09053236246109009,0.05297247692942619,0.043054692447185516
27,41,90,21,61,133,0.07691659778356552,0.06588099151849747,0.05614495277404785,0.04898186773061752,0.041152141988277435
28,21,61,184,62,171,0.24333755671977997,0.12102790921926498,0.11243776977062225,0.059245429933071136,0.04925118759274483
29,41,115,133,21,0,0.1259153038263321,0.09831932932138443,0.08822371065616608,0.07102899253368378,0.05589567497372627
30,97,24,136,112,64,0.49503645300865173,0.34754133224487305,0.03809750825166702,0.03136333078145981,0.010738412849605083
31,41,184,13,133,21,0.08973370492458344,0.07212801277637482,0.0657636970281601,0.05211203545331955,0.04869581013917923
32,184,130,92,52,171,0.07065977156162262,0.054609429091215134,0.051398180425167084,0.04666469246149063,0.0460612028837204
33,184,171,133,41,130,0.12070067971944809,0.10519864410161972,0.10334117710590363,0.08618807792663574,0.05524686723947525
34,24,112,136,66,138,0.32011470198631287,0.1703917235136032,0.14668020606040955,0.07576481252908707,0.03688230365514755
35,171,90,170,130,184,0.15899311006069183,0.13494433462619781,0.10999784618616104,0.09351833909749985,0.06591896712779999
36,21,184,41,171,133,0.1818573772907257,0.16673676669597626,0.09867697209119797,0.07165191322565079,0.06997745484113693
37,170,90,184,65,31,0.27681219577789307,0.10995657742023468,0.08700855821371078,0.04931297153234482,0.049307338893413544
38,21,61,62,32,133,0.5004559755325317,0.26597025990486145,0.0676008015871048,0.027499735355377197,0.02241877093911171
39,31,196,184,156,41,0.22852173447608948,0.18225981295108795,0.1297847032546997,0.09926842153072357,0.09037020802497864
40,184,2,52,171,21,0.11814554780721664,0.07942905277013779,0.07720959186553955,0.07486539334058762,0.06186014413833618
41,31,21,184,61,133,0.10235670953989029,0.0936829000711441,0.07999493181705475,0.06879047304391861,0.06567114591598511
42,90,65,184,31,26,0.2309672087430954,0.09628741443157196,0.07795654982328415,0.06799299269914627,0.0642142966389656
43,41,133,57,115,94,0.16125009953975677,0.1382807195186615,0.11284109205007553,0.1082032322883606,0.08501897752285004
44,184,171,4,170,111,0.7733080387115479,0.04937920346856117,0.04738438501954079,0.03423153609037399,0.019229823723435402
45,112,136,198,113,64,0.5026978254318237,0.3904295563697815,0.05173994228243828,0.015785183757543564,0.007537608500570059
46,167,181,195,98,138,0.18475516140460968,0.1074279323220253,0.10167060792446136,0.04145587235689163,0.037507884204387665
47,174,11,136,112,75,0.5352594256401062,0.14044158160686493,0.04791698977351189,0.031700726598501205,0.02212805673480034
48,184,31,171,170,196,0.49482622742652893,0.16653217375278473,0.051643967628479004,0.04722171276807785,0.03489174321293831
49,64,70,9,112,11,0.14493460953235626,0.08793850243091583,0.08659254014492035,0.07165629416704178,0.0669025257229805
50,27,112,93,129,136,0.5277248620986938,0.07496066391468048,0.05007781460881233,0.04633842408657074,0.04336300492286682
51,113,71,32,126,130,0.10472635924816132,0.08091865479946136,0.07788734883069992,0.06125019118189812,0.05909242480993271
52,24,97,112,127,136,0.32151278853416443,0.28473860025405884,0.08057795464992523,0.058258943259716034,0.05058976262807846
53,24,97,11,66,95,0.6632088422775269,0.3031541407108307,0.015472272410988808,0.014395304024219513,0.0007712157093919814
54,11,93,85,24,20,0.5275598764419556,0.11324778944253922,0.09684258699417114,0.04601244628429413,0.033013373613357544
55,184,90,156,65,31,0.2919428050518036,0.13415750861167908,0.1143631562590599,0.06472212821245193,0.0403447151184082
56,90,65,156,133,25,0.3111342787742615,0.2358051836490631,0.05245516821742058,0.038578201085329056,0.034839238971471786
57,171,184,130,90,156,0.5729227066040039,0.18899297714233398,0.06438206136226654,0.026181671768426895,0.025138908997178078
58,65,31,156,196,181,0.1274058222770691,0.11275167763233185,0.09219666570425034,0.070468008518219,0.07007984071969986
59,90,184,171,31,65,0.23896193504333496,0.16619572043418884,0.08378976583480835,0.07392077893018723,0.058999836444854736
60,184,90,156,65,31,0.2919428050518036,0.13415750861167908,0.1143631562590599,0.06472212821245193,0.0403447151184082
61,184,171,31,21,7,0.8438886404037476,0.07400202006101608,0.013757613487541676,0.011436930857598782,0.007701551076024771
62,184,171,130,32,75,0.1616465449333191,0.14295552670955658,0.10983936488628387,0.09402412921190262,0.07322394847869873
63,21,184,171,130,61,0.2789076864719391,0.11780152469873428,0.10577641427516937,0.06398626416921616,0.06374829262495041
64,184,171,45,7,46,0.18171757459640503,0.17577138543128967,0.08936445415019989,0.05501122400164604,0.04372486472129822
65,2,5,57,140,171,0.3216549754142761,0.11432115733623505,0.041890695691108704,0.033994995057582855,0.03341701999306679
66,21,61,41,184,133,0.15706448256969452,0.10835635662078857,0.10029594600200653,0.09119552373886108,0.06993625313043594
67,97,24,112,136,167,0.4134085774421692,0.2924979329109192,0.07151993364095688,0.0600186288356781,0.033432748168706894
68,143,80,138,91,133,0.12262286245822906,0.10508304834365845,0.046084094792604446,0.044040799140930176,0.04156260937452316
69,184,21,61,4,133,0.29416903853416443,0.19881781935691833,0.08260168880224228,0.05372510105371475,0.05320809409022331
70,41,133,184,21,0,0.17258808016777039,0.08921270072460175,0.08234133571386337,0.07930704206228256,0.06013544648885727
71,41,133,184,21,0,0.17258808016777039,0.08921270072460175,0.08234133571386337,0.07930704206228256,0.06013544648885727
72,171,170,130,184,13,0.14712083339691162,0.14610755443572998,0.12404725700616837,0.10777562856674194,0.08284370601177216
73,55,80,28,194,91,0.1619618833065033,0.08638454973697662,0.06945069134235382,0.060041237622499466,0.0588604211807251
74,195,138,154,25,104,0.2918357253074646,0.23460838198661804,0.16212990880012512,0.03746373578906059,0.029890041798353195
75,184,21,171,41,61,0.2802329659461975,0.20621347427368164,0.11656655371189117,0.054003845900297165,0.05348547175526619
76,97,167,24,136,64,0.31033873558044434,0.29690033197402954,0.0991521030664444,0.04681890830397606,0.04374808073043823
77,130,13,171,94,184,0.2616373896598816,0.1368195116519928,0.11869873106479645,0.11130955070257187,0.06487606465816498
78,97,24,112,136,167,0.4134085774421692,0.2924979329109192,0.07151993364095688,0.0600186288356781,0.033432748168706894
79,31,18,171,15,152,0.12183620780706406,0.11212047189474106,0.041180841624736786,0.04017570987343788,0.03384196013212204
80,112,136,97,24,198,0.4228401780128479,0.41922712326049805,0.06348321586847305,0.03895757719874382,0.014302322641015053
81,26,168,90,98,181,0.23649778962135315,0.08407346904277802,0.07677201926708221,0.051962804049253464,0.03753826767206192
82,21,61,133,41,62,0.3889016807079315,0.11400751769542694,0.07572908699512482,0.06578530371189117,0.04947648197412491
83,184,32,130,21,56,0.09551538527011871,0.08795904368162155,0.0841330960392952,0.07815400511026382,0.06847257912158966
84,131,55,204,28,186,0.6383435130119324,0.060916025191545486,0.05016181990504265,0.03038359060883522,0.027400165796279907
85,184,171,143,133,130,0.10680775344371796,0.09556777030229568,0.0734153762459755,0.05266318842768669,0.05200850963592529
86,0,21,41,184,61,0.18199077248573303,0.12911491096019745,0.07461726665496826,0.06413628160953522,0.05596001818776131
87,156,133,41,21,0,0.13004276156425476,0.1290658861398697,0.10016770660877228,0.09703712165355682,0.07163768261671066
88,21,61,62,184,32,0.2572796940803528,0.18710573017597198,0.09080479294061661,0.07448775321245193,0.07347936183214188
89,184,171,61,21,62,0.4763258099555969,0.08582174777984619,0.044587329030036926,0.04454870522022247,0.04240142181515694
90,21,61,143,184,0,0.20799431204795837,0.19528666138648987,0.08101353049278259,0.06676460802555084,0.06333298236131668
91,184,21,133,171,32,0.3307158946990967,0.0956416204571724,0.05517522618174553,0.04956508055329323,0.04290921986103058
92,138,154,31,25,184,0.09142480045557022,0.07123361527919769,0.06535221636295319,0.05581950396299362,0.04874790459871292
93,184,171,52,31,7,0.6725136041641235,0.10362987220287323,0.04471450299024582,0.02722102776169777,0.02592942677438259
94,184,171,132,130,21,0.8121136426925659,0.1018371731042862,0.01779663935303688,0.0138168316334486,0.00627430435270071
95,184,90,171,52,21,0.19234833121299744,0.1589357554912567,0.08377817273139954,0.07845818251371384,0.07596325874328613
96,151,13,94,57,143,0.2039240300655365,0.17425236105918884,0.08732621371746063,0.07168222218751907,0.05808586627244949
97,109,108,110,84,70,0.473904550075531,0.2983374297618866,0.11187577247619629,0.0491163469851017,0.021002011373639107
98,41,184,90,170,21,0.1719558835029602,0.12344227731227875,0.07148163765668869,0.06098470836877823,0.060192953795194626
99,64,136,108,109,70,0.17822417616844177,0.13255031406879425,0.09771007299423218,0.07318608462810516,0.0679457038640976
100,184,21,143,31,171,0.39100292325019836,0.13362739980220795,0.06955040991306305,0.06707613915205002,0.03085516020655632
101,21,61,41,133,62,0.31496065855026245,0.13889537751674652,0.09987886250019073,0.07329723238945007,0.05056595802307129
102,195,138,25,104,184,0.14908497035503387,0.11671797931194305,0.07524503767490387,0.043146442621946335,0.03689739853143692
103,184,21,143,171,61,0.3527839481830597,0.155647873878479,0.0777648463845253,0.07669541984796524,0.056370653212070465
104,171,184,130,21,32,0.3280276656150818,0.2266269475221634,0.10652709007263184,0.05857674032449722,0.03912832587957382
105,171,184,41,130,21,0.16931721568107605,0.11479146778583527,0.08680132776498795,0.08239395916461945,0.06678029149770737
106,133,21,41,61,125,0.17321932315826416,0.1073053628206253,0.09673453867435455,0.08045448362827301,0.05629435181617737
107,81,41,4,184,171,0.24182415008544922,0.15763743221759796,0.1505422294139862,0.07629178464412689,0.04837488383054733
108,31,196,142,176,7,0.12129052728414536,0.07648901641368866,0.06895658373832703,0.0533585362136364,0.04088921472430229
109,31,90,156,184,21,0.13810260593891144,0.12577399611473083,0.08778505027294159,0.07987220585346222,0.07890303432941437
110,136,112,64,198,195,0.41148456931114197,0.36303821206092834,0.03941298648715019,0.033532414585351944,0.033375538885593414
